{
  "H-I": {
    "std": 18.847783,
    "act": 37.933533
  },
  "C-D": {
    "std": 37.414678,
    "act": 54.308394
  },
  "A-P": {
    "std": 19.530811,
    "act": 31.214122
  },
  "DPS": {
    "std": 59.52,
    "act": 56.990556
  },
  "E-F": {
    "std": 19.3068,
    "act": 25.879978
  },
  "J-K": {
    "std": 16.171042,
    "act": 15.85325
  },
  "L": {
    "std": 8.894611,
    "act": 10.700639
  },
  "B": {
    "std": 3.025078,
    "act": 2.323706
  },
  "L/S": {
    "std": 3.951292,
    "act": 3.870681
  },
  "M-N": {
    "std": 38.012578,
    "act": 64.179639
  },
  "S": {
    "std": 14.533083,
    "act": 9.817722
  },
  "W": {
    "std": 4.046803,
    "act": 4.749864
  },
  "R": {
    "std": 3.749217,
    "act": 3.699694
  }
}