{
  "H-I": {
    "std": 20.517322,
    "act": 38.766689
  },
  "C-D": {
    "std": 40.040283,
    "act": 64.77215
  },
  "A-P": {
    "std": 21.076083,
    "act": 39.588539
  },
  "DPS": {
    "std": 57.043889,
    "act": 54.119444
  },
  "E-F": {
    "std": 17.859411,
    "act": 27.262839
  },
  "J-K": {
    "std": 10.436778,
    "act": 18.144236
  },
  "L": {
    "std": 6.113003,
    "act": 7.180186
  },
  "B": {
    "std": 2.817239,
    "act": 2.881733
  },
  "L/S": {
    "std": 4.091306,
    "act": 4.50625
  },
  "M-N": {
    "std": 40.755,
    "act": 68.685967
  },
  "S": {
    "std": 15.900528,
    "act": 11.713861
  },
  "W": {
    "std": 7.776483,
    "act": 8.902239
  },
  "R": {
    "std": 4.414783,
    "act": 4.322222
  }
}