{
  "H-I": {
    "std": 10.682039,
    "act": 19.177928
  },
  "C-D": {
    "std": 16.115856,
    "act": 22.557089
  },
  "A-P": {
    "std": 11.748428,
    "act": 17.570472
  },
  "DPS": {
    "std": 59.52,
    "act": 56.989722
  },
  "E-F": {
    "std": 19.3068,
    "act": 25.879978
  },
  "J-K": {
    "std": 16.171042,
    "act": 15.85325
  },
  "L": {
    "std": 8.894611,
    "act": 10.700639
  },
  "B": {
    "std": 3.025078,
    "act": 2.323706
  },
  "L/S": {
    "std": 3.951292,
    "act": 3.870681
  },
  "M-N": {
    "std": 24.562772,
    "act": 34.886144
  },
  "S": {
    "std": 14.533083,
    "act": 9.817722
  },
  "W": {
    "std": 4.046803,
    "act": 4.749864
  },
  "R": {
    "std": 3.749217,
    "act": 3.699694
  }
}