{
  "H-I": {
    "std": 13.448111,
    "act": 24.971217
  },
  "C-D": {
    "std": 33.007492,
    "act": 55.180808
  },
  "A-P": {
    "std": 22.21895,
    "act": 37.776633
  },
  "DPS": {
    "std": 48.865889,
    "act": 46.483444
  },
  "E-F": {
    "std": 26.088533,
    "act": 28.776267
  },
  "J-K": {
    "std": 27.028625,
    "act": 31.669819
  },
  "L": {
    "std": 5.809611,
    "act": 5.515444
  },
  "B": {
    "std": 2.298269,
    "act": 2.407608
  },
  "L/S": {
    "std": 4.803181,
    "act": 4.684736
  },
  "M-N": {
    "std": 28.549394,
    "act": 55.227172
  },
  "S": {
    "std": 15.384181,
    "act": 13.111875
  },
  "W": {
    "std": 4.185122,
    "act": 4.531611
  },
  "R": {
    "std": 4.067319,
    "act": 4.043308
  }
}