{
  "H-I": {
    "std": 25.0972,
    "act": 50.678944
  },
  "C-D": {
    "std": 39.102161,
    "act": 65.135839
  },
  "A-P": {
    "std": 25.126253,
    "act": 44.537797
  },
  "DPS": {
    "std": 71.947,
    "act": 68.346056
  },
  "E-F": {
    "std": 22.797161,
    "act": 32.327322
  },
  "J-K": {
    "std": 19.871681,
    "act": 26.016903
  },
  "L": {
    "std": 8.289194,
    "act": 7.874194
  },
  "B": {
    "std": 3.160283,
    "act": 2.876308
  },
  "L/S": {
    "std": 6.36375,
    "act": 7.056667
  },
  "M-N": {
    "std": 35.862569,
    "act": 67.340658
  },
  "S": {
    "std": 18.27425,
    "act": 12.313611
  },
  "W": {
    "std": 5.816322,
    "act": 6.607522
  },
  "R": {
    "std": 10.701908,
    "act": 11.610347
  }
}