{
  "H-I": {
    "std": 25.698517,
    "act": 53.271022
  },
  "C-D": {
    "std": 43.700378,
    "act": 82.865489
  },
  "A-P": {
    "std": 28.126911,
    "act": 46.893606
  },
  "DPS": {
    "std": 66.9935,
    "act": 63.836056
  },
  "E-F": {
    "std": 23.365558,
    "act": 31.981658
  },
  "J-K": {
    "std": 17.543231,
    "act": 23.836647
  },
  "L": {
    "std": 5.385569,
    "act": 5.225653
  },
  "B": {
    "std": 2.821258,
    "act": 2.400403
  },
  "L/S": {
    "std": 4.459597,
    "act": 4.712431
  },
  "M-N": {
    "std": 36.861725,
    "act": 68.934181
  },
  "S": {
    "std": 17.384403,
    "act": 11.581681
  },
  "W": {
    "std": 4.894214,
    "act": 5.397547
  },
  "R": {
    "std": 7.768861,
    "act": 8.069528
  }
}