{
  "H-I": {
    "std": 13.950528,
    "act": 26.557711
  },
  "C-D": {
    "std": 29.307117,
    "act": 43.520961
  },
  "A-P": {
    "std": 14.498414,
    "act": 23.059247
  },
  "DPS": {
    "std": 36.692833,
    "act": 35.355444
  },
  "E-F": {
    "std": 15.060706,
    "act": 21.985417
  },
  "J-K": {
    "std": 11.152167,
    "act": 14.452569
  },
  "L": {
    "std": 4.166806,
    "act": 4.484722
  },
  "B": {
    "std": 2.534072,
    "act": 2.186128
  },
  "L/S": {
    "std": 4.375764,
    "act": 4.214875
  },
  "M-N": {
    "std": 34.41925,
    "act": 61.866989
  },
  "S": {
    "std": 15.247403,
    "act": 13.240125
  },
  "W": {
    "std": 5.158706,
    "act": 6.752717
  },
  "R": {
    "std": 10.420875,
    "act": 11.267247
  }
}