{
  "H-I": {
    "std": 8.038233,
    "act": 15.035094
  },
  "C-D": {
    "std": 11.149244,
    "act": 17.370956
  },
  "A-P": {
    "std": 5.214189,
    "act": 9.997906
  },
  "DPS": {
    "std": 75.2895,
    "act": 71.6135
  },
  "E-F": {
    "std": 30.015744,
    "act": 49.735589
  },
  "J-K": {
    "std": 22.211069,
    "act": 27.42925
  },
  "L": {
    "std": 2.344347,
    "act": 2.493903
  },
  "B": {
    "std": 2.797222,
    "act": 2.448822
  },
  "L/S": {
    "std": 5.434556,
    "act": 5.359861
  },
  "M-N": {
    "std": 18.326711,
    "act": 29.432433
  },
  "S": {
    "std": 18.341569,
    "act": 12.114681
  },
  "W": {
    "std": 8.095922,
    "act": 9.253467
  },
  "R": {
    "std": 3.9036,
    "act": 3.826017
  }
}