{
  "H-I": {
    "std": 17.757222,
    "act": 30.90125
  },
  "C-D": {
    "std": 34.774178,
    "act": 56.087144
  },
  "A-P": {
    "std": 18.855433,
    "act": 34.777017
  },
  "DPS": {
    "std": 34.996167,
    "act": 33.449667
  },
  "E-F": {
    "std": 14.872614,
    "act": 19.245742
  },
  "J-K": {
    "std": 18.552347,
    "act": 23.258431
  },
  "L": {
    "std": 4.217069,
    "act": 4.136681
  },
  "B": {
    "std": 1.806983,
    "act": 1.525467
  },
  "L/S": {
    "std": 3.892875,
    "act": 3.987681
  },
  "M-N": {
    "std": 34.834844,
    "act": 57.512767
  },
  "S": {
    "std": 16.581708,
    "act": 14.638375
  },
  "W": {
    "std": 3.764792,
    "act": 4.035664
  },
  "R": {
    "std": 9.894211,
    "act": 10.126611
  }
}