{
  "H-I": {
    "std": 19.24155,
    "act": 34.522656
  },
  "C-D": {
    "std": 34.172431,
    "act": 57.713281
  },
  "A-P": {
    "std": 20.975778,
    "act": 37.072767
  },
  "DPS": {
    "std": 43.030167,
    "act": 41.120278
  },
  "E-F": {
    "std": 11.800722,
    "act": 18.438989
  },
  "J-K": {
    "std": 11.194111,
    "act": 18.376736
  },
  "L": {
    "std": 5.152153,
    "act": 6.162597
  },
  "B": {
    "std": 2.707378,
    "act": 2.401428
  },
  "L/S": {
    "std": 3.894028,
    "act": 3.846889
  },
  "M-N": {
    "std": 29.897767,
    "act": 55.105122
  },
  "S": {
    "std": 13.016097,
    "act": 9.606542
  },
  "W": {
    "std": 5.595925,
    "act": 6.557153
  },
  "R": {
    "std": 10.213292,
    "act": 11.020653
  }
}