{
  "H-I": {
    "std": 14.510683,
    "act": 28.181556
  },
  "C-D": {
    "std": 34.5119,
    "act": 54.8426
  },
  "A-P": {
    "std": 22.963406,
    "act": 35.745478
  },
  "DPS": {
    "std": 65.165,
    "act": 61.828056
  },
  "E-F": {
    "std": 26.148392,
    "act": 37.288319
  },
  "J-K": {
    "std": 21.451236,
    "act": 25.109431
  },
  "L": {
    "std": 4.568444,
    "act": 4.22325
  },
  "B": {
    "std": 1.966947,
    "act": 1.770386
  },
  "L/S": {
    "std": 4.399042,
    "act": 4.001736
  },
  "M-N": {
    "std": 43.601825,
    "act": 79.619886
  },
  "S": {
    "std": 19.906486,
    "act": 15.470681
  },
  "W": {
    "std": 5.258342,
    "act": 6.076047
  },
  "R": {
    "std": 11.817358,
    "act": 12.847842
  }
}