{
  "H-I": {
    "std": 18.8269,
    "act": 39.668533
  },
  "C-D": {
    "std": 31.49135,
    "act": 55.1969
  },
  "A-P": {
    "std": 17.758239,
    "act": 25.626728
  },
  "DPS": {
    "std": 34.1855,
    "act": 32.891
  },
  "E-F": {
    "std": 37.072011,
    "act": 42.199428
  },
  "J-K": {
    "std": 23.539056,
    "act": 28.329889
  },
  "L": {
    "std": 4.872778,
    "act": 5.664889
  },
  "B": {
    "std": 3.828519,
    "act": 3.310642
  },
  "L/S": {
    "std": 4.145264,
    "act": 4.186181
  },
  "M-N": {
    "std": 32.589536,
    "act": 58.043386
  },
  "S": {
    "std": 14.326,
    "act": 11.82375
  },
  "W": {
    "std": 6.638317,
    "act": 8.43235
  },
  "R": {
    "std": 4.678225,
    "act": 4.776525
  }
}