{
  "H-I": {
    "std": 15.291283,
    "act": 28.418744
  },
  "C-D": {
    "std": 31.986433,
    "act": 53.300544
  },
  "A-P": {
    "std": 15.723144,
    "act": 23.733778
  },
  "DPS": {
    "std": 44.512833,
    "act": 42.6705
  },
  "E-F": {
    "std": 20.132689,
    "act": 23.808044
  },
  "J-K": {
    "std": 10.126069,
    "act": 12.341611
  },
  "L": {
    "std": 4.678556,
    "act": 4.410639
  },
  "B": {
    "std": 2.185603,
    "act": 1.931692
  },
  "L/S": {
    "std": 4.864431,
    "act": 4.877625
  },
  "M-N": {
    "std": 25.840719,
    "act": 46.783447
  },
  "S": {
    "std": 14.835958,
    "act": 11.982347
  },
  "W": {
    "std": 6.847242,
    "act": 8.241053
  },
  "R": {
    "std": 6.262494,
    "act": 6.149917
  }
}