{
  "H-I": {
    "std": 18.192756,
    "act": 37.043689
  },
  "C-D": {
    "std": 41.97135,
    "act": 63.760772
  },
  "A-P": {
    "std": 19.384878,
    "act": 34.0482
  },
  "DPS": {
    "std": 51.132167,
    "act": 48.541889
  },
  "E-F": {
    "std": 10.439203,
    "act": 13.807869
  },
  "J-K": {
    "std": 11.77425,
    "act": 12.422083
  },
  "L": {
    "std": 6.772833,
    "act": 6.667278
  },
  "B": {
    "std": 2.506561,
    "act": 2.40805
  },
  "L/S": {
    "std": 2.12425,
    "act": 2.309528
  },
  "M-N": {
    "std": 38.840836,
    "act": 76.269708
  },
  "S": {
    "std": 16.028236,
    "act": 12.576264
  },
  "W": {
    "std": 4.163119,
    "act": 4.673025
  },
  "R": {
    "std": 5.007094,
    "act": 5.104856
  }
}