{
  "H-I": {
    "std": 19.705283,
    "act": 48.346633
  },
  "C-D": {
    "std": 39.012428,
    "act": 64.215317
  },
  "A-P": {
    "std": 26.875989,
    "act": 45.327233
  },
  "DPS": {
    "std": 65.861833,
    "act": 62.484
  },
  "E-F": {
    "std": 15.907403,
    "act": 20.119075
  },
  "J-K": {
    "std": 12.857,
    "act": 15.297042
  },
  "L": {
    "std": 5.111583,
    "act": 5.494778
  },
  "B": {
    "std": 2.291314,
    "act": 2.290464
  },
  "L/S": {
    "std": 4.949486,
    "act": 5.729764
  },
  "M-N": {
    "std": 40.096247,
    "act": 80.652192
  },
  "S": {
    "std": 21.282306,
    "act": 18.033028
  },
  "W": {
    "std": 5.964439,
    "act": 7.027578
  },
  "R": {
    "std": 7.991836,
    "act": 8.061081
  }
}