{
  "H-I": {
    "std": 13.9757,
    "act": 24.090428
  },
  "C-D": {
    "std": 28.674217,
    "act": 50.915578
  },
  "A-P": {
    "std": 18.328933,
    "act": 34.496711
  },
  "DPS": {
    "std": 43.254222,
    "act": 41.501667
  },
  "E-F": {
    "std": 13.228658,
    "act": 16.894331
  },
  "J-K": {
    "std": 13.40975,
    "act": 17.451847
  },
  "L": {
    "std": 7.376972,
    "act": 10.367889
  },
  "B": {
    "std": 3.154369,
    "act": 2.777258
  },
  "L/S": {
    "std": 4.546708,
    "act": 4.343514
  },
  "M-N": {
    "std": 32.117092,
    "act": 63.384286
  },
  "S": {
    "std": 13.482472,
    "act": 11.683528
  },
  "W": {
    "std": 7.370925,
    "act": 8.866853
  },
  "R": {
    "std": 6.022319,
    "act": 6.173386
  }
}