{
  "H-I": {
    "std": 3.10625,
    "act": 5.627978
  },
  "C-D": {
    "std": 12.351767,
    "act": 22.842767
  },
  "A-P": {
    "std": 6.574061,
    "act": 11.132206
  },
  "DPS": {
    "std": 65.164722,
    "act": 61.823889
  },
  "E-F": {
    "std": 26.148392,
    "act": 37.288319
  },
  "J-K": {
    "std": 21.451236,
    "act": 25.109431
  },
  "L": {
    "std": 4.568444,
    "act": 4.22325
  },
  "B": {
    "std": 1.966947,
    "act": 1.770386
  },
  "L/S": {
    "std": 4.399042,
    "act": 4.001736
  },
  "M-N": {
    "std": 30.168528,
    "act": 47.781022
  },
  "S": {
    "std": 19.906486,
    "act": 15.470681
  },
  "W": {
    "std": 5.258342,
    "act": 6.076047
  },
  "R": {
    "std": 11.817358,
    "act": 12.847842
  }
}