{
  "H-I": {
    "std": 19.844456,
    "act": 47.505667
  },
  "C-D": {
    "std": 33.973289,
    "act": 55.401183
  },
  "A-P": {
    "std": 18.920589,
    "act": 34.985722
  },
  "DPS": {
    "std": 49.318833,
    "act": 46.862333
  },
  "E-F": {
    "std": 29.189558,
    "act": 38.420042
  },
  "J-K": {
    "std": 21.07225,
    "act": 26.336194
  },
  "L": {
    "std": 5.250056,
    "act": 5.132056
  },
  "B": {
    "std": 2.855917,
    "act": 2.626289
  },
  "L/S": {
    "std": 4.881736,
    "act": 5.283625
  },
  "M-N": {
    "std": 29.894878,
    "act": 55.054644
  },
  "S": {
    "std": 14.939153,
    "act": 13.342875
  },
  "W": {
    "std": 4.773611,
    "act": 5.337544
  },
  "R": {
    "std": 9.538797,
    "act": 10.391942
  }
}