{
  "H-I": {
    "std": 24.006317,
    "act": 53.965561
  },
  "C-D": {
    "std": 46.403267,
    "act": 77.799072
  },
  "A-P": {
    "std": 26.664339,
    "act": 39.646844
  },
  "DPS": {
    "std": 75.691,
    "act": 72.030611
  },
  "E-F": {
    "std": 33.539617,
    "act": 42.255722
  },
  "J-K": {
    "std": 22.485833,
    "act": 27.947306
  },
  "L": {
    "std": 7.561653,
    "act": 8.155014
  },
  "B": {
    "std": 2.976847,
    "act": 2.920242
  },
  "L/S": {
    "std": 5.525222,
    "act": 5.618833
  },
  "M-N": {
    "std": 43.32195,
    "act": 67.21925
  },
  "S": {
    "std": 19.481361,
    "act": 12.369
  },
  "W": {
    "std": 6.747786,
    "act": 7.723786
  },
  "R": {
    "std": 5.536169,
    "act": 5.714014
  }
}