{
  "H-I": {
    "std": 16.752372,
    "act": 38.683333
  },
  "C-D": {
    "std": 34.028756,
    "act": 64.032094
  },
  "A-P": {
    "std": 20.605333,
    "act": 33.970928
  },
  "DPS": {
    "std": 55.422833,
    "act": 52.965
  },
  "E-F": {
    "std": 33.040514,
    "act": 39.831514
  },
  "J-K": {
    "std": 26.583833,
    "act": 27.414722
  },
  "L": {
    "std": 7.99475,
    "act": 8.373167
  },
  "B": {
    "std": 4.048903,
    "act": 3.605969
  },
  "L/S": {
    "std": 6.297694,
    "act": 5.542167
  },
  "M-N": {
    "std": 37.933358,
    "act": 68.694369
  },
  "S": {
    "std": 16.145597,
    "act": 11.760931
  },
  "W": {
    "std": 6.452014,
    "act": 7.325342
  },
  "R": {
    "std": 5.567622,
    "act": 5.592428
  }
}