{
  "H-I": {
    "std": 19.633289,
    "act": 33.578056
  },
  "C-D": {
    "std": 30.892478,
    "act": 51.701978
  },
  "A-P": {
    "std": 18.762972,
    "act": 31.505806
  },
  "DPS": {
    "std": 59.930889,
    "act": 56.986111
  },
  "E-F": {
    "std": 11.883022,
    "act": 13.595017
  },
  "J-K": {
    "std": 8.590767,
    "act": 9.449944
  },
  "L": {
    "std": 5.392986,
    "act": 5.934986
  },
  "B": {
    "std": 2.284044,
    "act": 1.939322
  },
  "L/S": {
    "std": 2.887083,
    "act": 2.982556
  },
  "M-N": {
    "std": 40.925083,
    "act": 74.599111
  },
  "S": {
    "std": 17.266222,
    "act": 15.615833
  },
  "W": {
    "std": 4.325561,
    "act": 4.77305
  },
  "R": {
    "std": 7.333597,
    "act": 8.137292
  }
}