{
  "H-I": {
    "std": 21.615617,
    "act": 32.105083
  },
  "C-D": {
    "std": 32.666444,
    "act": 52.868344
  },
  "A-P": {
    "std": 21.268689,
    "act": 32.3215
  },
  "DPS": {
    "std": 40.858556,
    "act": 39.018444
  },
  "E-F": {
    "std": 17.914517,
    "act": 21.988328
  },
  "J-K": {
    "std": 18.743736,
    "act": 21.043694
  },
  "L": {
    "std": 4.155722,
    "act": 4.22475
  },
  "B": {
    "std": 3.053075,
    "act": 2.6948
  },
  "L/S": {
    "std": 5.526958,
    "act": 5.750292
  },
  "M-N": {
    "std": 25.878844,
    "act": 44.596833
  },
  "S": {
    "std": 11.668889,
    "act": 7.539
  },
  "W": {
    "std": 4.128058,
    "act": 4.838431
  },
  "R": {
    "std": 8.404128,
    "act": 8.408011
  }
}