{
  "H-I": {
    "std": 32.40415,
    "act": 62.076022
  },
  "C-D": {
    "std": 51.73225,
    "act": 83.152189
  },
  "A-P": {
    "std": 30.2443,
    "act": 53.461306
  },
  "DPS": {
    "std": 95.777111,
    "act": 89.044389
  },
  "E-F": {
    "std": 29.87445,
    "act": 41.718311
  },
  "J-K": {
    "std": 20.781486,
    "act": 31.616639
  },
  "L": {
    "std": 7.238194,
    "act": 7.878222
  },
  "B": {
    "std": 2.755903,
    "act": 2.319342
  },
  "L/S": {
    "std": 6.431903,
    "act": 5.812708
  },
  "M-N": {
    "std": 39.8597,
    "act": 66.015444
  },
  "S": {
    "std": 19.193375,
    "act": 12.762736
  },
  "W": {
    "std": 3.720219,
    "act": 4.597958
  },
  "R": {
    "std": 5.184222,
    "act": 5.082528
  }
}