{
  "H-I": {
    "std": 21.188717,
    "act": 41.016261
  },
  "C-D": {
    "std": 31.466322,
    "act": 50.663733
  },
  "A-P": {
    "std": 19.1565,
    "act": 31.022467
  },
  "DPS": {
    "std": 52.920556,
    "act": 50.232389
  },
  "E-F": {
    "std": 25.639103,
    "act": 36.682853
  },
  "J-K": {
    "std": 21.603361,
    "act": 31.983875
  },
  "L": {
    "std": 8.043694,
    "act": 8.409194
  },
  "B": {
    "std": 5.034375,
    "act": 4.400303
  },
  "L/S": {
    "std": 5.683181,
    "act": 5.704903
  },
  "M-N": {
    "std": 32.582364,
    "act": 54.214681
  },
  "S": {
    "std": 15.402931,
    "act": 11.039319
  },
  "W": {
    "std": 4.851836,
    "act": 5.252614
  },
  "R": {
    "std": 6.492411,
    "act": 6.969994
  }
}