{
  "H-I": {
    "std": 21.655006,
    "act": 41.382661
  },
  "C-D": {
    "std": 35.50195,
    "act": 58.50585
  },
  "A-P": {
    "std": 22.920061,
    "act": 36.229617
  },
  "DPS": {
    "std": 56.547667,
    "act": 54.333
  },
  "E-F": {
    "std": 10.961611,
    "act": 13.157767
  },
  "J-K": {
    "std": 10.142431,
    "act": 11.833931
  },
  "L": {
    "std": 7.594,
    "act": 8.34525
  },
  "B": {
    "std": 4.040408,
    "act": 4.005003
  },
  "L/S": {
    "std": 4.115611,
    "act": 3.5905
  },
  "M-N": {
    "std": 32.671453,
    "act": 57.953214
  },
  "S": {
    "std": 12.348042,
    "act": 8.848097
  },
  "W": {
    "std": 3.468064,
    "act": 3.767364
  },
  "R": {
    "std": 4.930114,
    "act": 5.003042
  }
}