{
  "H-I": {
    "std": 25.429222,
    "act": 55.247256
  },
  "C-D": {
    "std": 38.478644,
    "act": 52.13345
  },
  "A-P": {
    "std": 21.412806,
    "act": 32.770917
  },
  "DPS": {
    "std": 74.190167,
    "act": 69.855444
  },
  "E-F": {
    "std": 13.440997,
    "act": 24.898142
  },
  "J-K": {
    "std": 10.962653,
    "act": 13.099042
  },
  "L": {
    "std": 6.185097,
    "act": 8.542708
  },
  "B": {
    "std": 3.757564,
    "act": 3.547297
  },
  "L/S": {
    "std": 5.195264,
    "act": 5.035736
  },
  "M-N": {
    "std": 36.165033,
    "act": 66.936706
  },
  "S": {
    "std": 15.094917,
    "act": 10.801583
  },
  "W": {
    "std": 3.454578,
    "act": 3.848483
  },
  "R": {
    "std": 5.357025,
    "act": 5.254381
  }
}