{
  "H-I": {
    "std": 25.421867,
    "act": 56.703111
  },
  "C-D": {
    "std": 47.1231,
    "act": 70.2469
  },
  "A-P": {
    "std": 26.204861,
    "act": 43.277678
  },
  "DPS": {
    "std": 66.715111,
    "act": 63.020556
  },
  "E-F": {
    "std": 13.795881,
    "act": 15.136117
  },
  "J-K": {
    "std": 11.891431,
    "act": 14.230236
  },
  "L": {
    "std": 4.709,
    "act": 5.78475
  },
  "B": {
    "std": 2.522231,
    "act": 2.371653
  },
  "L/S": {
    "std": 4.017764,
    "act": 4.363681
  },
  "M-N": {
    "std": 32.828986,
    "act": 53.007342
  },
  "S": {
    "std": 15.156819,
    "act": 10.059431
  },
  "W": {
    "std": 5.371719,
    "act": 6.276875
  },
  "R": {
    "std": 4.883861,
    "act": 4.922828
  }
}