{
  "H-I": {
    "std": 15.493372,
    "act": 26.619739
  },
  "C-D": {
    "std": 30.737144,
    "act": 48.940539
  },
  "A-P": {
    "std": 19.732783,
    "act": 36.537433
  },
  "DPS": {
    "std": 44.4105,
    "act": 41.852389
  },
  "E-F": {
    "std": 19.732431,
    "act": 24.156481
  },
  "J-K": {
    "std": 13.213514,
    "act": 18.737306
  },
  "L": {
    "std": 4.532542,
    "act": 5.364014
  },
  "B": {
    "std": 2.76655,
    "act": 3.620789
  },
  "L/S": {
    "std": 3.798875,
    "act": 4.187403
  },
  "M-N": {
    "std": 27.447153,
    "act": 46.388431
  },
  "S": {
    "std": 11.377181,
    "act": 8.310181
  },
  "W": {
    "std": 3.070194,
    "act": 3.392
  },
  "R": {
    "std": 5.720494,
    "act": 5.754283
  }
}