{
  "H-I": {
    "std": 20.141433,
    "act": 39.448206
  },
  "C-D": {
    "std": 29.920714,
    "act": 48.123647
  },
  "A-P": {
    "std": 21.828833,
    "act": 33.336044
  },
  "DPS": {
    "std": 74.532722,
    "act": 69.574222
  },
  "E-F": {
    "std": 39.007719,
    "act": 51.647481
  },
  "J-K": {
    "std": 25.155889,
    "act": 35.481347
  },
  "L": {
    "std": 8.848931,
    "act": 8.997708
  },
  "B": {
    "std": 3.857836,
    "act": 3.676647
  },
  "L/S": {
    "std": 7.169278,
    "act": 7.96075
  },
  "M-N": {
    "std": 40.831817,
    "act": 65.994606
  },
  "S": {
    "std": 16.635708,
    "act": 9.485764
  },
  "W": {
    "std": 8.120186,
    "act": 8.723386
  },
  "R": {
    "std": 10.332361,
    "act": 10.745539
  }
}