{
  "H-I": {
    "std": 22.140278,
    "act": 48.083661
  },
  "C-D": {
    "std": 52.505725,
    "act": 82.390625
  },
  "A-P": {
    "std": 30.153211,
    "act": 49.824494
  },
  "DPS": {
    "std": 67.871556,
    "act": 64.432333
  },
  "E-F": {
    "std": 25.332303,
    "act": 33.909619
  },
  "J-K": {
    "std": 22.710278,
    "act": 28.421453
  },
  "L": {
    "std": 8.892375,
    "act": 10.655208
  },
  "B": {
    "std": 4.033894,
    "act": 3.384067
  },
  "L/S": {
    "std": 5.66,
    "act": 5.627889
  },
  "M-N": {
    "std": 36.963656,
    "act": 63.331733
  },
  "S": {
    "std": 18.611083,
    "act": 13.3665
  },
  "W": {
    "std": 4.893467,
    "act": 5.936294
  },
  "R": {
    "std": 8.284719,
    "act": 8.623286
  }
}