{
  "H-I": {
    "std": 17.653217,
    "act": 34.610067
  },
  "C-D": {
    "std": 36.391372,
    "act": 55.304522
  },
  "A-P": {
    "std": 21.130928,
    "act": 33.141611
  },
  "DPS": {
    "std": 47.323722,
    "act": 45.177667
  },
  "E-F": {
    "std": 26.151267,
    "act": 37.26745
  },
  "J-K": {
    "std": 19.802278,
    "act": 26.118181
  },
  "L": {
    "std": 5.093667,
    "act": 4.925444
  },
  "B": {
    "std": 3.4276,
    "act": 2.989389
  },
  "L/S": {
    "std": 3.862264,
    "act": 4.140847
  },
  "M-N": {
    "std": 28.336453,
    "act": 46.912958
  },
  "S": {
    "std": 13.900931,
    "act": 11.378708
  },
  "W": {
    "std": 5.890636,
    "act": 6.730569
  },
  "R": {
    "std": 10.056572,
    "act": 10.210144
  }
}