{
  "H-I": {
    "std": 30.410778,
    "act": 62.345722
  },
  "C-D": {
    "std": 42.528644,
    "act": 66.369122
  },
  "A-P": {
    "std": 29.332606,
    "act": 49.250428
  },
  "DPS": {
    "std": 68.169889,
    "act": 63.597111
  },
  "E-F": {
    "std": 25.932281,
    "act": 37.183475
  },
  "J-K": {
    "std": 21.022014,
    "act": 23.148403
  },
  "L": {
    "std": 3.985806,
    "act": 4.234528
  },
  "B": {
    "std": 2.893856,
    "act": 2.345778
  },
  "L/S": {
    "std": 5.909458,
    "act": 5.891847
  },
  "M-N": {
    "std": 34.049219,
    "act": 65.284431
  },
  "S": {
    "std": 17.371764,
    "act": 10.825431
  },
  "W": {
    "std": 7.329258,
    "act": 8.174808
  },
  "R": {
    "std": 8.3774,
    "act": 8.585506
  }
}