{
  "H-I": {
    "std": 16.209156,
    "act": 32.339028
  },
  "C-D": {
    "std": 39.744461,
    "act": 70.465794
  },
  "A-P": {
    "std": 26.044522,
    "act": 49.145294
  },
  "DPS": {
    "std": 49.963556,
    "act": 47.415
  },
  "E-F": {
    "std": 30.874317,
    "act": 39.13135
  },
  "J-K": {
    "std": 22.293639,
    "act": 28.252556
  },
  "L": {
    "std": 4.465319,
    "act": 5.150125
  },
  "B": {
    "std": 2.864983,
    "act": 2.523811
  },
  "L/S": {
    "std": 5.561542,
    "act": 5.048542
  },
  "M-N": {
    "std": 26.937086,
    "act": 42.953664
  },
  "S": {
    "std": 13.436639,
    "act": 8.309556
  },
  "W": {
    "std": 5.256203,
    "act": 5.787353
  },
  "R": {
    "std": 8.195122,
    "act": 8.271544
  }
}