{
  "H-I": {
    "std": 16.9346,
    "act": 30.1588
  },
  "C-D": {
    "std": 38.211739,
    "act": 59.310406
  },
  "A-P": {
    "std": 18.819594,
    "act": 30.15895
  },
  "DPS": {
    "std": 51.373778,
    "act": 48.751833
  },
  "E-F": {
    "std": 13.1266,
    "act": 18.439872
  },
  "J-K": {
    "std": 14.917208,
    "act": 20.350875
  },
  "L": {
    "std": 6.933069,
    "act": 8.947181
  },
  "B": {
    "std": 3.222014,
    "act": 3.282364
  },
  "L/S": {
    "std": 3.090056,
    "act": 3.027333
  },
  "M-N": {
    "std": 32.151142,
    "act": 50.402264
  },
  "S": {
    "std": 14.686222,
    "act": 9.887167
  },
  "W": {
    "std": 5.923344,
    "act": 6.518728
  },
  "R": {
    "std": 6.5017,
    "act": 6.265267
  }
}