{
  "H-I": {
    "std": 18.580717,
    "act": 40.560556
  },
  "C-D": {
    "std": 42.152306,
    "act": 66.730022
  },
  "A-P": {
    "std": 25.415233,
    "act": 41.589633
  },
  "DPS": {
    "std": 62.189167,
    "act": 59.202944
  },
  "E-F": {
    "std": 23.316369,
    "act": 28.548597
  },
  "J-K": {
    "std": 15.143028,
    "act": 19.079514
  },
  "L": {
    "std": 5.495278,
    "act": 5.402222
  },
  "B": {
    "std": 2.488511,
    "act": 2.242467
  },
  "L/S": {
    "std": 5.477111,
    "act": 5.998917
  },
  "M-N": {
    "std": 35.212567,
    "act": 56.282683
  },
  "S": {
    "std": 17.79575,
    "act": 14.730944
  },
  "W": {
    "std": 4.912375,
    "act": 5.496031
  },
  "R": {
    "std": 10.300703,
    "act": 10.486881
  }
}