{
  "H-I": {
    "std": 24.059844,
    "act": 47.3871
  },
  "C-D": {
    "std": 48.643639,
    "act": 77.380567
  },
  "A-P": {
    "std": 30.256733,
    "act": 45.044039
  },
  "DPS": {
    "std": 61.775,
    "act": 58.202
  },
  "E-F": {
    "std": 18.159933,
    "act": 21.338528
  },
  "J-K": {
    "std": 15.889556,
    "act": 18.314861
  },
  "L": {
    "std": 3.274375,
    "act": 3.837597
  },
  "B": {
    "std": 1.955603,
    "act": 2.290103
  },
  "L/S": {
    "std": 3.459764,
    "act": 3.641431
  },
  "M-N": {
    "std": 33.493111,
    "act": 61.438506
  },
  "S": {
    "std": 16.186278,
    "act": 11.018444
  },
  "W": {
    "std": 6.468872,
    "act": 7.243139
  },
  "R": {
    "std": 8.568764,
    "act": 8.673053
  }
}