{
  "H-I": {
    "std": 22.073589,
    "act": 42.245661
  },
  "C-D": {
    "std": 35.370294,
    "act": 54.615344
  },
  "A-P": {
    "std": 19.497817,
    "act": 28.970611
  },
  "DPS": {
    "std": 58.266944,
    "act": 55.573444
  },
  "E-F": {
    "std": 18.761642,
    "act": 27.989669
  },
  "J-K": {
    "std": 15.522722,
    "act": 23.151694
  },
  "L": {
    "std": 6.542986,
    "act": 7.447236
  },
  "B": {
    "std": 2.080894,
    "act": 1.851283
  },
  "L/S": {
    "std": 4.379194,
    "act": 4.449972
  },
  "M-N": {
    "std": 44.917147,
    "act": 76.065136
  },
  "S": {
    "std": 16.837431,
    "act": 12.593736
  },
  "W": {
    "std": 7.571997,
    "act": 8.067436
  },
  "R": {
    "std": 9.436408,
    "act": 9.695936
  }
}