{
  "H-I": {
    "std": 22.356239,
    "act": 41.339339
  },
  "C-D": {
    "std": 39.249217,
    "act": 64.24695
  },
  "A-P": {
    "std": 28.459811,
    "act": 46.663594
  },
  "DPS": {
    "std": 57.030556,
    "act": 53.956778
  },
  "E-F": {
    "std": 33.184314,
    "act": 39.320525
  },
  "J-K": {
    "std": 18.970486,
    "act": 21.863931
  },
  "L": {
    "std": 5.822583,
    "act": 6.217972
  },
  "B": {
    "std": 2.313953,
    "act": 2.099036
  },
  "L/S": {
    "std": 5.296056,
    "act": 4.916306
  },
  "M-N": {
    "std": 36.593969,
    "act": 63.849353
  },
  "S": {
    "std": 14.073069,
    "act": 9.727847
  },
  "W": {
    "std": 6.822836,
    "act": 7.655392
  },
  "R": {
    "std": 7.270133,
    "act": 7.10225
  }
}