{
  "H-I": {
    "std": 31.373975,
    "act": 63.461475
  },
  "C-D": {
    "std": 56.836222,
    "act": 97.911561
  },
  "A-P": {
    "std": 32.431189,
    "act": 54.898206
  },
  "DPS": {
    "std": 87.049111,
    "act": 82.1825
  },
  "E-F": {
    "std": 31.102364,
    "act": 35.461908
  },
  "J-K": {
    "std": 18.274833,
    "act": 24.933264
  },
  "L": {
    "std": 7.975569,
    "act": 8.373403
  },
  "B": {
    "std": 3.216606,
    "act": 2.635944
  },
  "L/S": {
    "std": 6.362764,
    "act": 5.624486
  },
  "M-N": {
    "std": 40.399842,
    "act": 71.220769
  },
  "S": {
    "std": 20.473472,
    "act": 14.04
  },
  "W": {
    "std": 6.401658,
    "act": 7.601847
  },
  "R": {
    "std": 8.206039,
    "act": 7.998061
  }
}