{
  "H-I": {
    "std": 16.379183,
    "act": 31.3095
  },
  "C-D": {
    "std": 36.546228,
    "act": 56.028528
  },
  "A-P": {
    "std": 21.623217,
    "act": 33.808611
  },
  "DPS": {
    "std": 54.144611,
    "act": 51.720833
  },
  "E-F": {
    "std": 23.854083,
    "act": 30.840839
  },
  "J-K": {
    "std": 17.286861,
    "act": 26.425264
  },
  "L": {
    "std": 4.358792,
    "act": 4.117042
  },
  "B": {
    "std": 2.788186,
    "act": 2.515625
  },
  "L/S": {
    "std": 5.666694,
    "act": 6.633833
  },
  "M-N": {
    "std": 24.407228,
    "act": 38.576211
  },
  "S": {
    "std": 12.739181,
    "act": 10.001486
  },
  "W": {
    "std": 6.191881,
    "act": 7.222447
  },
  "R": {
    "std": 9.917789,
    "act": 10.144994
  }
}