{
  "H-I": {
    "std": 21.502506,
    "act": 41.045994
  },
  "C-D": {
    "std": 37.206311,
    "act": 62.707244
  },
  "A-P": {
    "std": 24.511872,
    "act": 39.472544
  },
  "DPS": {
    "std": 56.327556,
    "act": 53.009167
  },
  "E-F": {
    "std": 11.24515,
    "act": 14.862444
  },
  "J-K": {
    "std": 8.65475,
    "act": 11.032917
  },
  "L": {
    "std": 6.269514,
    "act": 6.603847
  },
  "B": {
    "std": 3.306356,
    "act": 3.446917
  },
  "L/S": {
    "std": 2.903694,
    "act": 2.693333
  },
  "M-N": {
    "std": 39.381819,
    "act": 63.935275
  },
  "S": {
    "std": 16.349417,
    "act": 11.509056
  },
  "W": {
    "std": 3.769281,
    "act": 4.063658
  },
  "R": {
    "std": 3.418847,
    "act": 3.423814
  }
}