{
  "H-I": {
    "std": 27.084989,
    "act": 57.087839
  },
  "C-D": {
    "std": 42.70555,
    "act": 74.626283
  },
  "A-P": {
    "std": 26.20225,
    "act": 45.937439
  },
  "DPS": {
    "std": 58.245889,
    "act": 55.242333
  },
  "E-F": {
    "std": 17.727383,
    "act": 25.146139
  },
  "J-K": {
    "std": 15.794878,
    "act": 20.566764
  },
  "L": {
    "std": 7.842528,
    "act": 8.660722
  },
  "B": {
    "std": 1.948686,
    "act": 1.637147
  },
  "L/S": {
    "std": 4.104417,
    "act": 3.619444
  },
  "M-N": {
    "std": 33.610419,
    "act": 58.167414
  },
  "S": {
    "std": 16.703361,
    "act": 11.649028
  },
  "W": {
    "std": 5.783022,
    "act": 6.586356
  },
  "R": {
    "std": 7.201831,
    "act": 6.837208
  }
}