{
  "H-I": {
    "std": 22.526883,
    "act": 45.839889
  },
  "C-D": {
    "std": 41.041589,
    "act": 66.721361
  },
  "A-P": {
    "std": 21.644978,
    "act": 35.782222
  },
  "DPS": {
    "std": 75.154278,
    "act": 70.659333
  },
  "E-F": {
    "std": 29.04705,
    "act": 37.794189
  },
  "J-K": {
    "std": 20.048222,
    "act": 27.895583
  },
  "L": {
    "std": 4.794569,
    "act": 4.682847
  },
  "B": {
    "std": 2.772583,
    "act": 2.357194
  },
  "L/S": {
    "std": 5.176944,
    "act": 5.627194
  },
  "M-N": {
    "std": 33.459033,
    "act": 56.275528
  },
  "S": {
    "std": 14.975792,
    "act": 9.671403
  },
  "W": {
    "std": 4.211581,
    "act": 4.659175
  },
  "R": {
    "std": 8.565503,
    "act": 8.991886
  }
}