{
  "H-I": {
    "std": 21.941533,
    "act": 45.548167
  },
  "C-D": {
    "std": 31.516472,
    "act": 49.373306
  },
  "A-P": {
    "std": 16.917333,
    "act": 30.594772
  },
  "DPS": {
    "std": 43.004167,
    "act": 41.0855
  },
  "E-F": {
    "std": 30.746194,
    "act": 39.607039
  },
  "J-K": {
    "std": 23.277625,
    "act": 28.799861
  },
  "L": {
    "std": 7.605014,
    "act": 9.370236
  },
  "B": {
    "std": 4.148006,
    "act": 3.861333
  },
  "L/S": {
    "std": 6.819028,
    "act": 6.242278
  },
  "M-N": {
    "std": 23.809272,
    "act": 39.439122
  },
  "S": {
    "std": 10.953778,
    "act": 8.40525
  },
  "W": {
    "std": 5.921497,
    "act": 6.669992
  },
  "R": {
    "std": 8.437706,
    "act": 8.966978
  }
}